category,value
de_merger,5.714285714285714
merger,31.428571428571427
non_geo,31.428571428571427
split,11.428571428571429
territorial_transfers,20
