category,value
merger,33.33333333333333
non_geo,22.22222222222222
split,22.22222222222222
territoral_transfers,22.22222222222222
